average_price,total_volume,4046,4225,4770,total_bags,small_bags,large_bags,xlarge_bags,date,type,year,geography
       1.81, 1140635.82,71284350,113534605,8834532, 1609110.56,  262522.11,   67791.12,   11997.58,2018-12-9,organic,2018,Albany
       1.23, 3057455.32,52025429,147296921,12311613, 1028347.58,  161313.11,  216163.21,     358.68,2018-12-9,organic,2018,Sacramento
       0.95,  557727.74,188362257,251783597,12195989,   10705.18, 1352357.27,  131727.70,    8094.81,2018-12-9,organic,2018,Northeast
       0.86, 1075171.60,29700476,148911576,893930, 1818115.83, 1211914.52,  112868.97,    8783.59,2018-12-9,organic,2018,Northern New England
       1.91, 5059371.12,134748904,4733916,5559566,  300449.28,  979160.72,   22166.23,    6034.71,2018-12-9,organic,2018,Orlando
       1.54, 8420437.56,285639153,129433594,10796300, 1331469.75,  310796.48,  345179.06,    1228.81,2018-12-9,organic,2018,Philadelphia
       1.76, 3840171.61,6273525,65404590,337778,  709502.62, 1863216.44,  216031.25,    9169.01,2018-12-9,organic,2018,Phoenix/Tucson
       1.12, 1799496.10,151736445,71301146,9228964,  881581.62,  144298.95,  133225.17,    2640.25,2018-12-9,organic,2018,Pittsburgh
       1.32, 4496644.61,3295411,57711415,6848004,  332686.26,  281948.51,  210449.93,    5210.64,2018-12-9,organic,2018,Plains
       0.91, 1473940.58,88205326,235159769,1742419, 1074188.17,  432738.23,  109173.77,    5649.12,2018-12-9,organic,2018,Portland
       1.04, 3321550.38,34060637,28179184,2014643, 1193594.75,  333805.14,    5180.14,    7534.25,2018-12-9,organic,2018,Raleigh/Greensboro
       0.71, 1824229.23,59786161,42161735,3091766,  963624.93,  777262.47,  224976.49,    3323.14,2018-12-9,organic,2018,Richmond/Norfolk
       1.44,  146311.87,17864598,256904907,13010757,  434202.37,   52497.52,  197500.33,    5959.74,2018-12-9,organic,2018,Roanoke
       1.49,  340132.79,26092009,211405849,123169,  790535.08,   84269.73,  268281.28,    1580.37,2018-12-9,organic,2018,San Diego
       1.65, 1318050.98,77241267,128067971,2579568,  770758.20,  163217.47,  573889.64,   11579.90,2018-12-9,organic,2018,Atlanta
       1.64, 3180323.61,17579420,85643725,5916642,  869395.37, 1001483.96,    2302.41,    5602.80,2018-12-9,organic,2018,San Francisco
       1.46, 5516063.32,69896864,11636515,1970989, 1122674.29,  223035.76,  414823.63,    4218.26,2018-12-9,organic,2018,Seattle
       1.73, 1846679.31,157947984,128672798,3960720,  874845.72,   12470.68,   87084.31,   10698.25,2018-12-9,organic,2018,South Carolina
       1.60, 2337663.52,163161785,95905699,399443,  734285.21, 1443758.71,  273571.24,   13158.28,2018-12-9,organic,2018,South Central
       1.45, 5391845.21,17450054,85168298,14399765,  520373.69, 1042593.42,  359809.26,   11870.92,2018-12-9,organic,2018,Southeast
       1.48, 3577317.19,109761128,3385253,517057,  947607.10,  135918.12,   55407.17,    5969.17,2018-12-9,organic,2018,Spokane
       1.33, 1400150.44,37819408,114450992,4742476,  826435.93,  241017.34,  306609.58,    4313.54,2018-12-9,organic,2018,St. Louis
       0.52,  537765.43,221643473,91496975,772449,  105833.73,  305459.44,  548571.18,    2629.68,2018-12-9,organic,2018,Syracuse
       1.86,  658083.09,128472810,133347556,940823,  366321.68,  722880.76,  132112.81,   11137.03,2018-12-9,organic,2018,Tampa
       1.28, 1218234.09,138963315,116354337,9061501, 1559066.44,  452958.62,  222812.64,    6508.85,2018-12-9,organic,2018,Total U.S.
       1.18, 1517051.21,93413240,98196028,1547535,  355138.78,  307189.69,  185219.81,    5367.02,2018-12-9,organic,2018,West
       1.03, 1972891.94,78361503,19234129,10560273,  118709.25,  366474.99,  325858.54,    3084.94,2018-12-9,organic,2018,New York
       1.02, 5170760.37,220096785,4671338,4126845,  684245.06,   89691.30,   59942.02,   20017.28,2018-12-9,organic,2018,New Orleans/Mobile
       1.62, 5218138.55,60595412,186257733,5578485,  633654.95,  246835.13,   87578.31,    5487.01,2018-12-9,organic,2018,Nashville
       1.24, 2062008.25,52351237,81307289,5003850,   64530.84,  873737.94,  575957.59,   24623.28,2018-12-9,organic,2018,Midsouth
       1.65, 1031985.28,10103381,37744523,1816078, 1092973.42,  673500.67,   88915.50,    3715.85,2018-12-9,organic,2018,Baltimore/Washington
       2.03, 4231866.22,56504955,231007756,6535531,  235864.21,  982875.46,  126504.84,   12445.19,2018-12-9,organic,2018,Boise
       1.03,  730722.15,148169700,184027510,3110183,   18365.19,  102781.68,   25216.29,    3011.07,2018-12-9,organic,2018,Boston
       1.52,  208910.13,41887932,115800151,588583, 1186525.86,  507390.45,  181240.68,   11542.29,2018-12-9,organic,2018,Buffalo/Rochester
       1.77, 1210872.03,37090942,78229670,2165714,  451729.02,  242876.59,   29902.43,    9537.95,2018-12-9,organic,2018,California
       2.13, 6208831.75,39119409,83581832,4366808,  938354.21,  263567.36,    3098.40,   17192.09,2018-12-9,organic,2018,Charlotte
       1.93, 4789479.86,98691213,81121473,719275,  337648.13,  434781.14,  142494.36,     147.83,2018-12-9,organic,2018,Chicago
       1.30, 1754225.34,189301193,99198686,7770184,  328378.02,  332923.61,  409739.64,    1141.53,2018-12-9,organic,2018,Cincinnati/Dayton
       2.29, 3633421.97,4672737,126263368,1863890,  401356.86, 1191040.65,   56140.49,    2337.53,2018-12-9,organic,2018,Columbus
       1.46,  657489.62,47631342,22323821,5301019,  186868.59,  428198.40,  225476.66,   12994.85,2018-12-9,organic,2018,Dallas/Ft. Worth
       0.94, 1450221.67,25512198,85767455,7004020,  461948.10,  263317.74,  114278.61,    7147.02,2018-12-9,organic,2018,Denver
       1.62, 1658852.96,69767844,103800713,4634728,  101282.08,  872047.47,    8331.38,    1856.23,2018-12-9,organic,2018,Detroit
       1.35, 2009570.14,149294750,84931193,2053919,  673507.01,  585192.79,  335293.06,    2727.84,2018-12-9,organic,2018,Grand Rapids
       1.69, 2546539.63,129629332,22235093,1170174,  195528.60,  708871.31,  133708.70,   21118.43,2018-12-9,organic,2018,Great Lakes
       1.23,  316383.10,201664778,98283249,2619927, 1898532.69, 1234981.12,   27878.10,   13840.89,2018-12-9,organic,2018,Harrisburg/Scranton
       0.56, 1997892.97,50737571,16434674,8616344, 1381640.10, 1094107.30,  174364.79,     549.76,2018-12-9,organic,2018,Hartford/Springfield
       1.07, 3871627.48,149126695,148404638,4138257, 1423268.99,  836843.85,   52582.79,    4482.68,2018-12-9,organic,2018,Houston
       0.63,  339746.17,262108217,20227916,5530362,  488552.12,   33790.53,   67281.41,    5909.33,2018-12-9,organic,2018,Indianapolis
       1.24, 3349936.23,82291974,233474676,3135098, 1732766.82, 2249449.74,  151261.17,   24676.29,2018-12-9,organic,2018,Jacksonville
       1.43, 2171923.05,39195106,119921273,5543030,   23649.82,  672695.14,  317440.23,    2855.04,2018-12-9,organic,2018,Las Vegas
       0.92, 4518947.60,374124479,90413587,3085801, 1546241.25,  653760.46,  186585.33,    1066.46,2018-12-9,organic,2018,Los Angeles
       0.99, 1756707.99,155668841,113934092,42799,  574030.83,  522674.24,  389878.44,    4377.30,2018-12-9,organic,2018,Louisville
       1.29, 3625134.60,26507405,97625412,718628,  726141.20,  688625.21,  588326.71,    2791.82,2018-12-9,organic,2018,Miami/Ft. Lauderdale
       1.74, 4791746.56,106627735,286345627,1075426,  530279.10,  623304.51,  247216.92,    1469.78,2018-12-9,organic,2018,West Tex/New Mexico
       1.16, 1510072.34,88086791,154545945,15132705, 1221114.03,   89373.84,  486813.69,    1294.94,2018-12-16,organic,2018,Albany
       1.61, 4598451.51,69536822,270296239,264823,  223349.22,  403801.27,   63317.04,     425.77,2018-12-16,organic,2018,Sacramento
       1.14,  975696.78,23368818,48976289,216921,   62493.19,  607259.98,   64275.30,   14207.85,2018-12-16,organic,2018,Northeast
       1.00, 3157357.32,29843476,2553307,5035665,  231897.55,  108988.51,  437063.07,    8989.95,2018-12-16,organic,2018,Northern New England
       1.70, 3265311.09,34949459,72994280,3869046,  776862.99,  568747.68,  513636.80,    1382.21,2018-12-16,organic,2018,Orlando
       0.98, 6155838.45,48208041,9715231,3277852,  542587.47, 1490199.15,  180173.83,   21741.79,2018-12-16,organic,2018,Philadelphia
       1.10, 1264266.35,183435315,48182530,334067,  351258.15,  116900.34,  134074.32,     692.29,2018-12-16,organic,2018,Phoenix/Tucson
       1.81, 7518664.53,126819279,9039139,7298612,  573802.59,  674633.17,  128536.61,   10112.19,2018-12-16,organic,2018,Pittsburgh
       1.59, 1668996.58,107024747,125402224,3950904,  729897.62,  340923.19,  241442.99,    3638.04,2018-12-16,organic,2018,Plains
       0.90, 2365710.06,89676989,94247111,3806884, 1243178.93,  449911.18,  527561.85,    3739.23,2018-12-16,organic,2018,Portland
       1.26, 3051966.00,74356905,53847343,6587042,  757725.73,  495352.75,  524068.57,     471.13,2018-12-16,organic,2018,Raleigh/Greensboro
       0.85,  273375.51,309247559,176396009,3770657, 1074989.99,  276668.65,  199056.90,    7813.29,2018-12-16,organic,2018,Richmond/Norfolk
       1.97, 6357497.96,22938388,103025933,14450942,  475742.97, 1476982.58,  293575.11,   11241.75,2018-12-16,organic,2018,Roanoke
       1.55,  794461.24,79538737,25362420,8055361,  626296.93,   95248.69,   14389.11,   15002.80,2018-12-16,organic,2018,San Diego
       1.33, 1338544.29,63474798,99917471,18505791,  459201.66,  684053.52,  201812.60,    4752.86,2018-12-16,organic,2018,Atlanta
       1.26, 1414842.04,64415402,16024991,643412,  169300.23,  473914.92,   74962.90,   10309.26,2018-12-16,organic,2018,San Francisco
       1.08, 4955955.70,154579784,154967083,2545184,  312268.42,  195311.08,   84363.49,    3327.04,2018-12-16,organic,2018,Seattle
       1.05, 5617307.63,128209990,70477608,7712581,  329946.08, 1086928.80,   26014.41,    1642.02,2018-12-16,organic,2018,South Carolina
       0.52, 4735242.01,40986652,36756510,5067134,  236499.55,  509510.10,  203580.14,    5910.40,2018-12-16,organic,2018,South Central
       0.24, 1378999.32,29672977,5727172,1450705, 1125030.73,  184418.65,  269327.49,    7849.06,2018-12-16,organic,2018,Southeast
       2.04,  173428.27,1156002,54162903,7184313,   46993.29,  279670.82,  376668.54,     744.97,2018-12-16,organic,2018,Spokane
       1.38, 1388698.90,103855219,96411177,122246, 1645956.24,    5031.00,   23089.02,    4773.44,2018-12-16,organic,2018,St. Louis
       1.49,  941255.21,98176731,15754014,3622464, 1198928.83,  304988.19,  135831.74,    5420.36,2018-12-16,organic,2018,Syracuse
       1.12, 5615328.83,168303230,64206220,3294919, 1790995.81,  169205.89,  337568.77,    6382.58,2018-12-16,organic,2018,Tampa
       1.06, 1448620.20,114429404,21190665,4027689,  187029.93,   90718.17,  100172.74,    6846.26,2018-12-16,organic,2018,Total U.S.
       0.84, 3118819.27,106312392,85270742,3331732,  313587.27,   34876.71,  223799.04,    1556.29,2018-12-16,organic,2018,West
       1.11, 4539142.76,51093162,55599537,6034186, 1762875.93,  686810.11,  241016.56,    1222.67,2018-12-16,organic,2018,New York
       0.97,   61715.48,82406880,9930074,11388549,  276997.42,  812724.22,  260587.04,     585.98,2018-12-16,organic,2018,New Orleans/Mobile
       0.77, 1141428.99,52662260,218885222,6734939,   86482.32, 1421650.48,  192434.56,    2541.32,2018-12-16,organic,2018,Nashville
       1.42,  685399.34,12366184,40858982,5098415,  623842.70,  906125.87,  191327.80,    1903.93,2018-12-16,organic,2018,Midsouth
       1.30, 1592977.61,29856044,95035404,442969, 1170008.15,   75139.80,   92678.75,    2961.60,2018-12-16,organic,2018,Baltimore/Washington
       2.01, 2345937.10,6061404,129625920,4579325,  330294.61, 1591407.37,  328010.83,   11268.49,2018-12-16,organic,2018,Boise
       1.21,  610828.90,115801285,248650064,4894161, 1347295.43, 1546830.44,  180583.27,    7128.40,2018-12-16,organic,2018,Boston
       1.33, 3834191.73,8226859,100788667,2506217,  447452.51,  807973.68,  197162.65,   10800.80,2018-12-16,organic,2018,Buffalo/Rochester
       0.86, 1253825.60,34468605,56501118,5075522,  929177.44, 1637420.42,  429298.79,    5321.98,2018-12-16,organic,2018,California
       1.61, 3016944.31,116755466,74080049,9359934, 1511372.97,  737731.18,   92300.31,    2579.86,2018-12-16,organic,2018,Charlotte
       1.37,  713336.59,64730324,10251945,18660306,  117733.96,  408729.77,  747739.58,    1104.63,2018-12-16,organic,2018,Chicago
       1.87, 2225620.45,140762032,155571085,414104,  703024.08,  714453.47,  196036.11,    3257.14,2018-12-16,organic,2018,Cincinnati/Dayton
       1.28, 3181466.38,44725882,58653169,6908929,  428745.55,  338607.09,  341851.77,     276.24,2018-12-16,organic,2018,Columbus
       1.68, 1141337.87,175621448,24077396,2083365,  393704.71,  331726.11,  477242.55,   14263.13,2018-12-16,organic,2018,Dallas/Ft. Worth
       2.10, 5399351.87,72999448,76044039,1584828, 1288878.47,  822294.17,   43763.89,    1267.01,2018-12-16,organic,2018,Denver
       1.71, 5642344.71,37313350,142577921,6936996,  104678.21,  315153.31,  164770.18,    2750.78,2018-12-16,organic,2018,Detroit
       1.63, 2557185.48,35800663,131879545,5006308,  466297.13, 1201623.50,    7903.46,   12169.31,2018-12-16,organic,2018,Grand Rapids
       0.78,  536660.03,74848612,39253211,2797533, 1765695.78,  539929.32,   25505.28,    7745.58,2018-12-16,organic,2018,Great Lakes
       1.25, 3648807.38,24629292,227368346,2866053,  600715.71, 1260899.61,  236874.45,    6631.25,2018-12-16,organic,2018,Harrisburg/Scranton
       1.32, 7285515.86,214442850,110460849,7673061,  121395.72,  416810.88,   77944.88,    1655.87,2018-12-16,organic,2018,Hartford/Springfield
       1.31,  836572.92,69659250,4680206,4453762, 1378126.28,  296139.74,  275815.58,   18101.52,2018-12-16,organic,2018,Houston
       1.53, 4094557.15,44095879,5775594,1860672,  391841.61,  566694.28,  294267.60,   12227.76,2018-12-16,organic,2018,Indianapolis
       1.04, 6528187.04,65436648,9925269,10447524,  625083.90,  367299.81,  283845.62,     751.36,2018-12-16,organic,2018,Jacksonville
       1.50, 2185734.71,9465578,229259849,1608641,  458591.46,   84235.56,  124357.18,    1795.83,2018-12-16,organic,2018,Las Vegas
       1.35, 3146118.08,24654756,38293400,8385738,  598496.86,  234802.15,  177633.21,     402.24,2018-12-16,organic,2018,Los Angeles
       1.25, 1062208.04,103385001,251664330,10408402,  248200.11,  113406.48,  260274.02,    3033.23,2018-12-16,organic,2018,Louisville
       1.67, 2370392.29,156965848,71968904,11092767, 1132846.62,  738293.09,  213523.15,    4888.40,2018-12-16,organic,2018,Miami/Ft. Lauderdale
       1.52, 1961025.37,227558190,190305633,8117630,  476355.00,  818921.00,   34673.75,    5123.70,2018-12-16,organic,2018,West Tex/New Mexico
       1.53,  449813.60,58574000,97362936,1293117,  786386.42,  786419.14,  153309.10,   13562.26,2018-12-23,organic,2018,Albany
       1.60, 2011118.56,147728483,110663402,950352,  247992.33,  557794.60,  146664.85,    5455.11,2018-12-23,organic,2018,Sacramento
       1.05, 3771485.44,31416760,79609525,7624020,  176081.87,  256274.17,  611819.32,   17714.62,2018-12-23,organic,2018,Northeast
       0.78, 1957922.32,679952,2418991,5687853,   11867.95,  630237.42,  469164.36,   16564.13,2018-12-23,organic,2018,Northern New England
       1.75, 5390574.36,50351893,19570573,1216346, 1921757.43,  119986.87,   94138.25,    7376.30,2018-12-23,organic,2018,Orlando
       1.01, 3883086.04,49046264,31256217,7690623,  587038.22,  652347.74,  190932.83,    2795.00,2018-12-23,organic,2018,Philadelphia
       1.35, 5029955.65,29670456,74070659,8171620,  394081.27,  351145.52,  282830.79,     429.27,2018-12-23,organic,2018,Phoenix/Tucson
       1.31, 1868038.35,4430278,194085241,192121,  395880.05,  688195.04,  250571.23,   18573.05,2018-12-23,organic,2018,Pittsburgh
       1.20, 1246830.93,108095167,28189082,1068222, 1520203.76,  819156.46,  241928.90,    7120.38,2018-12-23,organic,2018,Plains
       1.44, 1670475.40,187180256,123853936,10273232, 1246248.21, 1240234.04,  716354.96,   10051.20,2018-12-23,organic,2018,Portland
       2.05, 1439234.94,32126645,6710150,4483422, 1331993.30,  620890.54,  103593.83,    1313.15,2018-12-23,organic,2018,Raleigh/Greensboro
       1.11, 2251311.90,15621864,165344654,280798,  168099.59,  452408.58,  292891.09,    6375.90,2018-12-23,organic,2018,Richmond/Norfolk
       0.99,  542423.84,119202483,86953773,13730324, 1320897.80,  165162.30,  278376.47,   17623.65,2018-12-23,organic,2018,Roanoke
       0.92, 7628484.26,87149983,49467788,13570156,  357683.99,  727839.40,   71426.15,   11441.14,2018-12-23,organic,2018,San Diego
       1.58, 1606162.53,86315151,20206180,4563780,  539635.37,   23806.03,   90572.66,      47.07,2018-12-23,organic,2018,Atlanta
       1.68, 4172954.66,18607056,23658193,8187046,  546696.46,  868535.32,  277945.75,    6734.19,2018-12-23,organic,2018,San Francisco
       1.07,10692004.64,70548002,65525078,20501549,  201605.09,  221571.93,   68069.98,   14935.58,2018-12-23,organic,2018,Seattle
       1.38,  100793.28,21993143,168919827,2457215,    9568.83,  655939.89,  182422.25,    4544.77,2018-12-23,organic,2018,South Carolina
       0.73, 7259627.94,87998756,47746106,4217974,   48499.17,  949683.37,  372768.05,    3628.65,2018-12-23,organic,2018,South Central
       1.11, 4169333.76,119398520,116873600,367667, 1084445.20,  385394.02,   26792.56,    7975.22,2018-12-23,organic,2018,Southeast
       1.13, 1839084.95,68079673,73079937,12033382,  333414.66,   13754.23,   35473.68,     290.41,2018-12-23,organic,2018,Spokane
       1.11, 2051383.97,204233379,46249160,19340801,  699185.94,   46245.80,  349953.58,   12983.94,2018-12-23,organic,2018,St. Louis
       1.09, 5759693.44,176040041,27263902,5656732,  250576.19,  355752.04,  198163.71,    7507.54,2018-12-23,organic,2018,Syracuse
       1.32, 1738743.39,37401399,62619182,7341865,  179142.60,  996840.94,   51747.86,   16849.99,2018-12-23,organic,2018,Tampa
       1.03, 2377677.14,20807662,259870736,9983465,  184680.75,  499526.47,    3793.68,    1375.42,2018-12-23,organic,2018,Total U.S.
       1.67, 1184447.43,68343862,44666517,5525262,  890400.14, 1212199.62,  224284.76,   24465.21,2018-12-23,organic,2018,West
       1.43, 4946545.61,12021417,83929163,2031210,  221582.40,  266996.88,   42893.35,    8321.39,2018-12-23,organic,2018,New York
       1.09, 1458993.37,96141522,34592294,6472588,  505782.96,  214358.31,  312139.73,    2950.62,2018-12-23,organic,2018,New Orleans/Mobile
       1.03, 2447447.40,145296595,38566206,968293,  744967.91,  866854.72,  217177.49,   12814.08,2018-12-23,organic,2018,Nashville
       1.43,  869922.03,90786512,151624157,2798944,  642369.82,  579588.42,  116205.22,   11617.53,2018-12-23,organic,2018,Midsouth
       0.80,  131014.25,78029285,21110141,2728175,  428728.85,  755706.33,  766758.57,   16435.39,2018-12-23,organic,2018,Baltimore/Washington
       1.24, 2939320.77,102255626,617033,8620837, 1297053.93, 1246792.05,  452883.27,   14753.50,2018-12-23,organic,2018,Boise
       1.36, 2942992.94,57987411,78030824,1834645,  531981.44,  102726.28,  176855.09,   21693.77,2018-12-23,organic,2018,Boston
       0.98, 2563385.96,123436391,209454121,8710442,  256804.43, 1717608.59,  430324.24,   17356.89,2018-12-23,organic,2018,Buffalo/Rochester
       1.45, 2618721.19,93828573,209910316,65034,  130135.41,   86649.75,   51027.73,    7575.27,2018-12-23,organic,2018,California
       0.86,  882326.61,37160989,162528320,7968984,  642696.77,   76589.11,   29496.40,   17412.51,2018-12-23,organic,2018,Charlotte
       1.36, 1843312.53,13766872,163372329,17907200,  618706.74,  270627.15,  540904.07,    3223.41,2018-12-23,organic,2018,Chicago
       1.77,  966577.07,44936632,3700248,6849420, 1008480.99,  594516.68,  323540.11,    6959.71,2018-12-23,organic,2018,Cincinnati/Dayton
       1.26, 3665872.30,12628844,23842996,3500065, 1869094.29, 1006374.49,  376146.11,    5338.86,2018-12-23,organic,2018,Columbus
       1.16,  997160.52,231732605,41552718,10327540, 1475950.96,  939034.07,  253256.89,    9796.80,2018-12-23,organic,2018,Dallas/Ft. Worth
       1.31, 6722095.68,206464682,94176283,7352200,  945444.36,  259849.31,   16889.70,   27465.27,2018-12-23,organic,2018,Denver
       1.48, 3064060.07,41037161,20168115,5511970,  575302.69, 1025084.85,  148924.64,    5559.20,2018-12-23,organic,2018,Detroit
       1.46,  988557.53,38076335,14187174,6719664,  486331.33,  149792.37,  142135.98,    8070.09,2018-12-23,organic,2018,Grand Rapids
       0.94,  682463.52,50205630,2435873,4340141, 1714756.32,  391304.76,   92892.78,    5236.71,2018-12-23,organic,2018,Great Lakes
       1.79, 3162569.54,23573117,33447710,3865306, 1397686.66, 1044195.64,   12583.89,    3993.85,2018-12-23,organic,2018,Harrisburg/Scranton
       0.75, 3938299.93,244854279,22287215,28403,  716910.06,  226013.22,  280004.80,    6061.28,2018-12-23,organic,2018,Hartford/Springfield
       1.33, 6166111.04,60670125,1351641,785685,  233961.16,  135163.29,  280766.32,    3050.78,2018-12-23,organic,2018,Houston
       1.01,  109496.36,71847844,128455956,1855239,  591783.65,  306653.12,   68895.50,    8238.67,2018-12-23,organic,2018,Indianapolis
       1.02, 1958850.67,219793123,61555103,5276859,  443403.11,  829978.92,  194369.31,   21362.49,2018-12-23,organic,2018,Jacksonville
       0.84,   34646.00,27776727,115109169,8885311,  688210.57,  352989.22,  315767.06,   13304.86,2018-12-23,organic,2018,Las Vegas
       1.59, 3052720.00,80966673,93478703,4952408,  860776.98,  916961.09,   94133.41,    1707.65,2018-12-23,organic,2018,Los Angeles
       1.61,  908735.90,65726050,106016615,6011376,  278484.42,  117157.61,   94140.20,    1673.79,2018-12-23,organic,2018,Louisville
       0.78, 1325163.81,156122220,55856788,19016720,  693599.09,  970664.93,  185636.08,    9237.48,2018-12-23,organic,2018,Miami/Ft. Lauderdale
       1.58,  841385.63,29145791,26138964,7740396,  918083.82,  175166.41,   30839.59,    1254.26,2018-12-23,organic,2018,West Tex/New Mexico
       1.76, 3165015.43,60088571,34988539,6949263,  683399.68,    2136.35,  229266.95,    2241.93,2018-12-30,organic,2018,Albany
       0.89, 2734404.62,39663843,29449043,16893,  918399.86,  433029.42,  193157.13,    1982.35,2018-12-30,organic,2018,Sacramento
       1.63,  461936.31,46915388,97629463,9041056,  598257.36,  401493.69,  394596.05,     547.02,2018-12-30,organic,2018,Northeast
       1.48,  338779.01,69808476,82506131,293993, 1165947.18,  375253.50,  368810.76,   23730.16,2018-12-30,organic,2018,Northern New England
       1.66,  539302.59,245855912,33576472,5454204,   75494.70,   73635.37,  653520.68,    7391.37,2018-12-30,organic,2018,Orlando
       1.36, 2643156.65,98677481,100016528,7849362,  400454.47, 1204194.57,  167888.12,    1907.83,2018-12-30,organic,2018,Philadelphia
       1.39, 3788104.99,160736055,62255447,15024365, 1360782.57,  247656.46,   60875.68,   29827.64,2018-12-30,organic,2018,Phoenix/Tucson
       0.92,  542151.01,9121956,98335324,4393470,  590127.52,  380819.07,  143075.70,   12957.71,2018-12-30,organic,2018,Pittsburgh
       1.51,  485605.90,151661093,189223390,2073142,  646433.65, 1467620.01,   99499.89,   24053.58,2018-12-30,organic,2018,Plains
       1.60,  351074.47,82805167,32412837,3118372, 1050979.58, 1315308.88,  200612.83,    9077.52,2018-12-30,organic,2018,Portland
       0.98, 1615003.90,31796470,23076863,10688388,  532819.15,  569615.07,  398018.41,    2225.64,2018-12-30,organic,2018,Raleigh/Greensboro
       1.37, 1824814.49,3351517,124461777,777783,  171827.40,  166043.80,  163748.72,    9685.35,2018-12-30,organic,2018,Richmond/Norfolk
       1.63, 3579122.01,37241994,76294976,3455973,  232817.87,  268558.87,   69968.15,    4715.49,2018-12-30,organic,2018,Roanoke
       1.08, 2579653.23,45913804,87678296,2921466,  853033.00, 1484379.31,   57408.81,    5429.81,2018-12-30,organic,2018,San Diego
       1.57, 1855683.81,59053900,120003462,15476905,  915600.10,  302500.40,   87665.92,   10681.68,2018-12-30,organic,2018,Atlanta
       1.21, 3475611.44,183001800,27897246,9775633, 2026719.20,    7733.60,     574.85,    5201.73,2018-12-30,organic,2018,San Francisco
       1.66,  598885.61,63273690,5637499,4760939,  631079.59,  142919.28,  192705.05,    4312.15,2018-12-30,organic,2018,Seattle
       1.30, 1528211.92,92547363,21332177,2485066,  720507.31,  462212.44,  235484.86,   15768.43,2018-12-30,organic,2018,South Carolina
       1.24,  853708.01,220116755,50681496,15185459, 2120292.44, 1364890.13,    4747.80,    7212.63,2018-12-30,organic,2018,South Central
       0.78, 3463200.72,110490621,62089844,15423379,  510634.91,  566958.99,   65776.38,   29023.12,2018-12-30,organic,2018,Southeast
       2.41,  545344.23,60882996,71103456,612962,  250675.09,  606328.51,  605134.04,   12183.15,2018-12-30,organic,2018,Spokane
       1.75, 3240870.81,42885102,38429775,7698, 1470585.24,  566546.88,   85721.32,   11526.51,2018-12-30,organic,2018,St. Louis
       1.84, 1220792.49,73377501,297478200,4584316,  723243.86, 1545154.13,  440528.67,    7883.71,2018-12-30,organic,2018,Syracuse
       1.50,  835631.08,127803859,107165920,3963977, 1934311.49,  277625.79,   77916.46,    6298.04,2018-12-30,organic,2018,Tampa
       1.55, 2089045.42,66654274,190745856,2292862,  411768.23,  233773.22,  208473.04,   10801.30,2018-12-30,organic,2018,Total U.S.
       1.53, 1173333.95,225477101,117944799,6812051,   63349.11,  380351.06,  192921.95,   13253.94,2018-12-30,organic,2018,West
       1.55, 2767710.76,162561388,64634548,1795948,   85510.19,  961963.73,   87771.18,   14405.24,2018-12-30,organic,2018,New York
       0.72,  358153.88,175536097,40469826,5304588,  439398.38,  156055.42,  284365.73,     186.16,2018-12-30,organic,2018,New Orleans/Mobile
       1.86,13362897.64,4930765,99391491,4513468,  433325.06,  279221.67,  366113.17,    2799.07,2018-12-30,organic,2018,Nashville
       1.41, 3025466.04,72960664,94370402,12801790,  600243.01,  138230.99,  380211.80,    6940.77,2018-12-30,organic,2018,Midsouth
       1.32, 1803535.89,80074301,112059658,7379842,  852898.46,  326204.18,  205502.69,   10529.43,2018-12-30,organic,2018,Baltimore/Washington
       1.88, 2204449.23,64911277,28902355,650472,  972952.07,  318602.57,  223860.60,   28579.45,2018-12-30,organic,2018,Boise
       1.67,  158530.34,110910285,87849433,3427775, 2787896.64,  314019.06,  614985.68,    6133.34,2018-12-30,organic,2018,Boston
       0.65, 4782554.61,116743517,69650317,226285,  133898.58, 1857589.87,   92474.80,   23806.21,2018-12-30,organic,2018,Buffalo/Rochester
       1.41,  850815.48,132588989,6565753,7790291,  166461.39,  300131.90,   45316.04,   12841.60,2018-12-30,organic,2018,California
       1.24,  121553.73,63284334,62132871,11007513,  543559.78,  509694.51,  353075.68,    7949.02,2018-12-30,organic,2018,Charlotte
       2.03, 1290487.13,124450818,47708838,5275473,  104931.67,   63257.98,  140783.79,    4318.39,2018-12-30,organic,2018,Chicago
       1.02,  189700.91,22240061,163404821,18941953,  769502.76,  389197.35,  270120.42,   12366.88,2018-12-30,organic,2018,Cincinnati/Dayton
       2.17, 2908521.30,56517706,176530721,3928150,  246109.60,  852382.46,   14399.49,   14305.18,2018-12-30,organic,2018,Columbus
       1.80, 3588923.58,93178302,38566436,2278409,  180903.63,  542628.87,  264498.47,   14543.57,2018-12-30,organic,2018,Dallas/Ft. Worth
       1.04, 3156429.20,46772464,64731545,4706420,  640271.48,  170826.35,  168836.51,   15822.43,2018-12-30,organic,2018,Denver
       1.25, 1350091.33,64806787,2371340,2128283,   36795.82,  466968.11,   26941.83,    6371.35,2018-12-30,organic,2018,Detroit
       0.71,  493102.47,37094714,40668634,8706356,  752276.07,   13983.48,  289667.60,   10242.71,2018-12-30,organic,2018,Grand Rapids
       2.03, 4166316.90,18391157,2699272,2485770,  510382.74, 1549373.28,  103553.22,    6767.20,2018-12-30,organic,2018,Great Lakes
       1.57, 2289644.14,72505345,131369639,4872610,  510337.89,  143257.30,  120832.48,    9541.66,2018-12-30,organic,2018,Harrisburg/Scranton
       1.78, 3780665.76,45860506,64124052,2670755,  826598.98,   22360.74,   75350.95,   15024.98,2018-12-30,organic,2018,Hartford/Springfield
       1.17, 1182565.06,8223106,113900616,3633254, 1875106.02,  544647.06,  337269.38,    1311.64,2018-12-30,organic,2018,Houston
       1.06,  910169.97,78943812,134526203,5439302,  481978.18,  828360.60,   23923.02,   15662.76,2018-12-30,organic,2018,Indianapolis
       0.92, 1188276.79,286289093,21101191,10592494, 1696081.20,   98296.04,  227423.94,   17907.88,2018-12-30,organic,2018,Jacksonville
       1.98, 7085402.18,112085580,162292906,1833858, 1549617.69,  131219.78,  269806.07,     882.04,2018-12-30,organic,2018,Las Vegas
       0.94, 1726384.29,51854015,91933190,15978515,   72041.46,  480911.74,  207593.94,    7898.07,2018-12-30,organic,2018,Los Angeles
       0.99, 2803170.41,55214380,13478216,9616402,  627678.13,  453504.73,  372644.21,   10335.76,2018-12-30,organic,2018,Louisville
       1.44, 3033674.30,160829013,252582537,4259080, 1036760.16, 1103308.11,  249043.03,    1720.43,2018-12-30,organic,2018,Miami/Ft. Lauderdale
       1.54, 1839647.66,56330512,9481528,2795720,  778793.99,  498810.76,  298773.63,    5170.60,2018-12-30,organic,2018,West Tex/New Mexico
       2.10,  779421.37,80074727,151598501,7195254,  876348.51,  383384.30,  350384.10,   11809.48,2018-12-9,conventional,2018,Albany
       1.15, 2664811.49,112227617,135210088,974938,  237760.19,  436362.39,  249601.26,    5915.61,2018-12-9,conventional,2018,Sacramento
       1.22, 3109466.73,174655937,39159244,9078993,  369315.29,  299166.08,  118276.07,    6604.57,2018-12-9,conventional,2018,Northeast
       0.95, 3289475.90,78574591,171905625,13809126,  726361.34, 1172485.22,  474412.66,     531.58,2018-12-9,conventional,2018,Northern New England
       1.16, 1866530.85,117595422,3210895,9787924,   32062.59,  729206.69,  217202.92,     192.38,2018-12-9,conventional,2018,Orlando
       1.06,  813197.05,183016468,298459397,1966120,   74782.75,  321964.38,  299109.81,   11698.19,2018-12-9,conventional,2018,Philadelphia
       1.86,  741343.62,47986683,26534977,9782494, 1736324.84, 1304937.88,   50757.41,    2759.24,2018-12-9,conventional,2018,Phoenix/Tucson
       1.52, 3636430.17,19847042,78787105,1574674,  133527.16,  780860.74,  415457.55,    8574.87,2018-12-9,conventional,2018,Pittsburgh
       1.21, 5301515.93,109478350,28609127,7391792, 1393842.72,  771928.50,  592762.15,   25786.71,2018-12-9,conventional,2018,Plains
       2.05,  495600.62,60511745,118474637,6615764,  327081.83,  236678.57,  570880.57,   10382.78,2018-12-9,conventional,2018,Portland
       2.12, 1882369.17,236431741,256621554,9868958,   69474.60, 1075963.64,  326556.35,   11508.89,2018-12-9,conventional,2018,Raleigh/Greensboro
       0.93, 4052424.63,28454266,59476058,15403997, 1241189.57, 1280314.31,  396524.49,    5835.09,2018-12-9,conventional,2018,Richmond/Norfolk
       1.50, 5032456.21,184782651,205218460,3267037,  565664.78,  347130.92,  415071.71,    3169.86,2018-12-9,conventional,2018,Roanoke
       2.03, 3449860.08,150428949,25171461,5817479, 1347760.78,  467501.78,  129027.99,    1954.95,2018-12-9,conventional,2018,San Diego
       1.17, 6244013.89,101150426,153792192,6175392,  866199.80,  703583.02,  145845.71,    8185.16,2018-12-9,conventional,2018,Atlanta
       1.48,  703691.52,102225984,35339967,3951730,  281664.14,  155148.60,  578766.54,   27077.39,2018-12-9,conventional,2018,San Francisco
       1.12,   62441.26,1845227,24970986,10120266,  737196.34,  806707.00,  645790.25,    1935.35,2018-12-9,conventional,2018,Seattle
       2.03, 4404250.50,355039570,3960895,10937350,  479647.63,  848026.14,  524276.05,   10405.40,2018-12-9,conventional,2018,South Carolina
       2.21, 3427741.09,146898664,68110131,1470698, 1084577.32, 1428381.80,  125832.11,    1491.18,2018-12-9,conventional,2018,South Central
       0.97, 1060960.22,277659699,64337496,1109476,  579094.18,  615682.71,   21600.06,    9658.93,2018-12-9,conventional,2018,Southeast
       1.76,  484447.68,734972,101192692,2743201, 1180407.37,  538752.79,  203826.88,    1182.51,2018-12-9,conventional,2018,Spokane
       1.28, 1447278.92,82094563,23937900,153501, 1595460.54,  767730.40,   55425.44,   13765.42,2018-12-9,conventional,2018,St. Louis
       1.27, 1289337.90,139032405,47708908,1262994,  566419.48,  420097.82,   77105.17,    3611.48,2018-12-9,conventional,2018,Syracuse
       1.11, 2236916.60,61843230,24403561,114301, 2045477.98,  142464.24,   67034.21,    8148.04,2018-12-9,conventional,2018,Tampa
       1.64, 3184231.24,97780003,128612052,388193,   10149.54, 1238489.89,    5205.13,    3384.50,2018-12-9,conventional,2018,Total U.S.
       0.87, 4001943.95,149382664,136406820,11279245,  538596.68,  187038.34,  187675.88,     974.56,2018-12-9,conventional,2018,West
       1.77, 2498328.43,79287258,111993330,8857615,  296642.85,  434669.85,  127570.96,    1793.31,2018-12-9,conventional,2018,New York
       1.25, 1696187.40,57406678,86099849,5542436,  561152.86,  426636.63,   58013.31,    7222.09,2018-12-9,conventional,2018,New Orleans/Mobile
       0.60, 5574486.88,10339733,52083469,7288208, 1759823.42,  763886.94,  200284.39,    4127.24,2018-12-9,conventional,2018,Nashville
       1.94, 5452175.60,64746315,101564193,3065104, 1040009.77, 1626356.94,   45161.78,     668.02,2018-12-9,conventional,2018,Midsouth
       1.28, 2434554.98,111914414,21503946,3689098, 2014967.10,  272263.26,   53393.67,   15712.39,2018-12-9,conventional,2018,Baltimore/Washington
       1.56,  846339.58,29956960,178043586,10780002,  611252.24,  835810.93,  153045.77,    8338.31,2018-12-9,conventional,2018,Boise
       1.46,  471948.07,66220484,100641687,3837838, 1059533.42,  515949.32,  374997.83,    7401.55,2018-12-9,conventional,2018,Boston
       1.26, 1652755.47,14650933,123203420,8325218,  548748.92,  904220.56,   62280.16,    5442.04,2018-12-9,conventional,2018,Buffalo/Rochester
       1.17, 3141307.81,240596990,176583513,2639179, 2244159.48, 1279720.23,    2165.80,    9725.18,2018-12-9,conventional,2018,California
       0.95, 5902777.21,25165656,90166059,450514, 1185181.83, 1274802.33,  269313.64,   11726.61,2018-12-9,conventional,2018,Charlotte
       1.73, 1941906.18,88947330,73408017,18851422, 1222834.43,  430285.51,  294402.88,    4342.67,2018-12-9,conventional,2018,Chicago
       1.49, 4511861.13,59292371,5962848,8531163,  305056.44,  461137.63,   23592.37,   14659.96,2018-12-9,conventional,2018,Cincinnati/Dayton
       1.88, 1173015.96,84235702,184271622,9668137, 1303856.38,  214444.59,    4614.32,    2188.16,2018-12-9,conventional,2018,Columbus
       1.34, 4305473.00,114919609,18488567,13370072,  112463.44,  293096.03,   86359.68,    7954.07,2018-12-9,conventional,2018,Dallas/Ft. Worth
       0.89, 1331394.68,18544632,72155494,2465536,   53799.36, 1339182.52,  262443.79,   19534.61,2018-12-9,conventional,2018,Denver
       0.65, 2140692.63,65939614,152569099,6689041,  735438.64,  245089.50,  171027.73,   13154.24,2018-12-9,conventional,2018,Detroit
       1.67, 1994063.97,11927194,13752536,6164460,  709719.42,  615673.52,  240268.23,    5540.38,2018-12-9,conventional,2018,Grand Rapids
       1.07, 1192173.92,62304276,25177165,673197,  593645.11,  783103.93,  165349.51,    2929.97,2018-12-9,conventional,2018,Great Lakes
       1.42, 1228635.01,35759163,23084538,1475746,  924730.84,  377985.09,   29197.02,    3144.59,2018-12-9,conventional,2018,Harrisburg/Scranton
       1.75,  251523.53,98879299,120464924,3517232, 1899670.18,   93462.86,  175171.62,    1781.19,2018-12-9,conventional,2018,Hartford/Springfield
       1.13, 2933973.19,77427017,177309494,13001249, 1139154.59,  173277.47,   33012.45,    8932.26,2018-12-9,conventional,2018,Houston
       1.55, 4300854.15,48577920,6305584,11149272, 1139271.66, 2254121.34,  100893.95,    7326.38,2018-12-9,conventional,2018,Indianapolis
       1.65, 2598612.92,96395425,10671224,15495504, 1057166.44,  506960.44,  139678.30,    8905.95,2018-12-9,conventional,2018,Jacksonville
       1.62, 4242787.23,56408713,131282471,7893026,  322287.73,  660555.59,  110830.11,    9321.45,2018-12-9,conventional,2018,Las Vegas
       1.07, 3143193.58,222450875,221092266,6482487,  265646.67, 1125787.82,    4698.28,    3262.93,2018-12-9,conventional,2018,Los Angeles
       1.18,  331547.48,74791336,24242687,1880550,   89557.31,  750652.41,  105763.60,    9109.91,2018-12-9,conventional,2018,Louisville
       1.58, 2185200.14,62884972,89003000,6759167,   32014.71,  136823.71,  132205.62,     303.69,2018-12-9,conventional,2018,Miami/Ft. Lauderdale
       1.00, 2038509.13,89551813,151487969,5872673,    4741.54,  972288.26,   56851.64,   10567.20,2018-12-9,conventional,2018,West Tex/New Mexico
       1.76, 1085868.11,90061969,62613619,11657853,  737167.51,  358099.74,   89395.64,    2164.56,2018-12-16,conventional,2018,Albany
       1.34,  524981.76,113435107,89951912,2167090, 1080077.87,  493539.26,   80680.00,    6498.05,2018-12-16,conventional,2018,Sacramento
       1.41, 3597516.92,123301984,148667114,5635925, 1074175.68,  354319.62,  498911.35,    4238.16,2018-12-16,conventional,2018,Northeast
       1.10, 2704152.01,24110638,46981354,4452630, 1538054.24,  118530.06,   22273.48,   22352.95,2018-12-16,conventional,2018,Northern New England
       2.15, 3890795.43,67682304,39823372,10671392,  856915.78, 1425550.30,    3624.79,    1052.97,2018-12-16,conventional,2018,Orlando
       0.84, 1378308.12,89811190,192643528,5952052, 1078716.80,  296543.31,  116199.44,   12493.63,2018-12-16,conventional,2018,Philadelphia
       1.57, 8707611.31,185322304,84312535,1650362, 1180026.58,  489235.14,  116174.92,    8733.38,2018-12-16,conventional,2018,Phoenix/Tucson
       1.49, 2826579.58,74343975,51024033,109681,  142560.99,   99827.83,  187680.96,    4381.62,2018-12-16,conventional,2018,Pittsburgh
       1.72, 2065773.77,71774323,73250221,3287890,  843732.72,  290282.90,  232341.37,    6083.78,2018-12-16,conventional,2018,Plains
       1.71, 3607187.80,10493716,185075494,11119143,  233784.25,  226268.96,  307743.74,    1371.25,2018-12-16,conventional,2018,Portland
       1.59, 2905770.46,11440604,70757964,4503901,  645565.53,  664952.77,  305684.10,    4109.00,2018-12-16,conventional,2018,Raleigh/Greensboro
       1.12, 1758482.74,22136655,29844903,3562228,   57849.65,  517619.81,  206272.20,    1573.35,2018-12-16,conventional,2018,Richmond/Norfolk
       0.65, 3600850.83,22799199,56538007,13056644,  277253.82, 1171899.93,   15641.37,    8098.02,2018-12-16,conventional,2018,Roanoke
       1.27, 4292674.71,64388378,51610859,3473358,  206664.02,  179301.24,  113658.04,    4200.65,2018-12-16,conventional,2018,San Diego
       1.61, 1342720.42,49725724,11467025,6292668, 2506540.48,  376283.81,  180404.18,    7592.40,2018-12-16,conventional,2018,Atlanta
       1.01,  671010.87,108302366,93368668,6253451,  457104.52,  417681.49,  183087.74,   25344.47,2018-12-16,conventional,2018,San Francisco
       1.62, 7515084.15,78269684,124161830,5526544,  860249.18,  668208.74,  231123.44,    5675.10,2018-12-16,conventional,2018,Seattle
       1.37, 1304690.04,42025671,8909201,5866811,  295985.35,  148672.26,  241899.25,   11118.27,2018-12-16,conventional,2018,South Carolina
       1.28, 5490564.91,127990959,221751489,9123127,   49484.70,  646976.35,  323255.85,    4561.43,2018-12-16,conventional,2018,South Central
       1.63, 2959896.08,132182041,194046109,798290,  727617.02,  195121.03,   18744.14,    9538.71,2018-12-16,conventional,2018,Southeast
       1.16,  719018.10,109427825,107968513,6060955,  296966.52,  489328.77,   70119.05,    7090.83,2018-12-16,conventional,2018,Spokane
       1.47, 3446235.05,197384112,51280482,10228940, 1997736.21,  104834.63,    3788.22,    6136.30,2018-12-16,conventional,2018,St. Louis
       1.46, 1019733.11,72382035,80790829,2828984,  288311.65,  110099.09,   74911.36,    6236.51,2018-12-16,conventional,2018,Syracuse
       1.66,  127398.30,53873136,73014391,4936788, 1032662.41,   39894.66,   39149.48,   17574.03,2018-12-16,conventional,2018,Tampa
       1.31,  917926.71,73783018,56411392,11877080, 1046683.50,  880445.39,   80121.91,    4240.58,2018-12-16,conventional,2018,Total U.S.
       1.57, 3423032.55,115109760,26406181,1158863, 1394996.54,  241585.59,  309798.60,    3992.16,2018-12-16,conventional,2018,West
       1.26,  627900.70,106732318,40943984,1176771, 1762212.09,  500502.54,  218876.28,    2746.06,2018-12-16,conventional,2018,New York
       1.30,  975392.28,157110672,67030086,5150576, 1873377.30, 1163571.00,   24957.66,    4136.53,2018-12-16,conventional,2018,New Orleans/Mobile
       1.68, 4191405.79,78380609,145418314,246486, 2518958.05,  373761.70,  116702.62,    4387.74,2018-12-16,conventional,2018,Nashville
       1.20,   13691.14,150084460,49131895,1005229, 1815619.63,  560877.85,  126550.21,    7925.57,2018-12-16,conventional,2018,Midsouth
       1.91, 1128489.33,10787769,98176426,634347,   63502.92,  877448.71,  188613.13,    5296.83,2018-12-16,conventional,2018,Baltimore/Washington
       1.41, 5958770.27,112815488,36331520,773957, 1018958.14,  400723.46,  298248.22,    1146.12,2018-12-16,conventional,2018,Boise
       1.29, 8602068.03,32701199,137501747,6598531, 1216089.83,  440217.80,  380478.57,    5005.57,2018-12-16,conventional,2018,Boston
       1.29, 2909395.80,123618703,5584534,1951407,  173586.93,  973960.91,  210319.38,    8877.49,2018-12-16,conventional,2018,Buffalo/Rochester
       1.30,  525610.28,219365060,37736472,10928174, 1043833.40,  543482.02,  225895.04,   17803.78,2018-12-16,conventional,2018,California
       1.17, 2220795.92,233488989,165130411,5932123,  315261.72,  287371.45,  385932.66,   11903.63,2018-12-16,conventional,2018,Charlotte
       1.13, 2326954.69,26798723,86957265,1780535,  565444.16,  192978.25,  135842.86,    7396.98,2018-12-16,conventional,2018,Chicago
       1.16, 6367767.20,165995103,90570943,12127840,  200084.43,  709926.17,  119997.43,    3820.67,2018-12-16,conventional,2018,Cincinnati/Dayton
       1.20,  542056.76,51316799,64345127,3775283, 1050653.80,   45289.86,  247783.36,    4930.31,2018-12-16,conventional,2018,Columbus
       1.01,  818514.96,5037146,46717132,9560147,  341570.93,  522152.72,  295860.44,    7326.30,2018-12-16,conventional,2018,Dallas/Ft. Worth
       0.89, 1163895.99,152547382,92099897,7100729, 1358135.20,  420980.86,  356778.31,    4729.75,2018-12-16,conventional,2018,Denver
       1.64, 2421454.67,73584229,71370230,320284, 1099860.06,   95625.37,   56562.19,    4633.02,2018-12-16,conventional,2018,Detroit
       1.41, 1842014.08,88376917,98054890,3265552, 1370301.94,  285885.01,   96397.04,    9466.21,2018-12-16,conventional,2018,Grand Rapids
       1.48, 1643334.01,29573670,9889336,2712865,  655124.16,  328588.68,  221784.73,    1772.13,2018-12-16,conventional,2018,Great Lakes
       1.44, 5577785.95,80414255,136450021,5838635,  339462.38,  283620.85,   22005.18,    1753.76,2018-12-16,conventional,2018,Harrisburg/Scranton
       1.52, 1334001.33,287019803,68407364,12078827,  235652.72, 2331939.31,   97397.70,    4470.89,2018-12-16,conventional,2018,Hartford/Springfield
       1.13,  334697.55,19669199,229344830,2014850,  100895.80,  450321.22,   87749.91,     575.87,2018-12-16,conventional,2018,Houston
       1.16, 1038462.11,141743694,123379222,139558, 1016759.87, 2225168.67,   60955.72,   11421.88,2018-12-16,conventional,2018,Indianapolis
       1.51, 1692902.99,187458293,90769560,11917199,  183226.03,  937121.72,  217520.94,   10026.64,2018-12-16,conventional,2018,Jacksonville
       0.96, 6224089.33,96684300,26307241,1407377,  899729.27,  345100.02,  509739.21,    1626.94,2018-12-16,conventional,2018,Las Vegas
       1.09,  488073.88,232324962,225211906,8072500,  739796.44,  694455.99,  419179.77,   28040.54,2018-12-16,conventional,2018,Los Angeles
       1.06, 2579468.81,118404912,9974212,51507, 1179802.74,  556783.13,  217724.40,    7383.05,2018-12-16,conventional,2018,Louisville
       1.11, 3225461.49,166692677,70928786,10917168,  806098.96,  292102.09,  157568.72,    6444.76,2018-12-16,conventional,2018,Miami/Ft. Lauderdale
       1.40, 4150864.68,114125968,27799764,2443861,  824418.64,  638802.59,   54326.11,    7228.12,2018-12-16,conventional,2018,West Tex/New Mexico
       1.29, 1069647.69,51488052,157311673,3307853, 2774996.13,  829647.12,  696467.76,   21212.49,2018-12-23,conventional,2018,Albany
       1.83, 1291966.57,130779635,79187789,891937,  151569.63,  181333.30,  195226.21,    1015.46,2018-12-23,conventional,2018,Sacramento
       1.71, 1289071.80,165101408,101875289,8681081,  965022.71,  928884.51,   48434.11,    2067.97,2018-12-23,conventional,2018,Northeast
       1.78, 1116186.29,175625584,42946720,6505789,    4927.46,  554847.77,   23541.69,   14367.14,2018-12-23,conventional,2018,Northern New England
       1.17,  262187.91,188775659,227799556,1487824, 1727887.15,  263248.38,  253073.63,    9895.30,2018-12-23,conventional,2018,Orlando
       1.42,  940246.46,60086150,65245453,8792831, 1257265.03,  651755.04,  200459.97,    5632.49,2018-12-23,conventional,2018,Philadelphia
       1.67, 4029665.71,12126360,177724185,3895045,  245186.90,   75185.27,  426775.06,     909.52,2018-12-23,conventional,2018,Phoenix/Tucson
       1.17, 1049546.82,144053550,3633813,143659,  350062.40,  432854.93,  135078.65,     724.70,2018-12-23,conventional,2018,Pittsburgh
       1.99, 5422689.08,86486182,15596128,2076811,   40530.22,  977500.33,  350263.80,   13684.56,2018-12-23,conventional,2018,Plains
       1.37, 6061809.62,105469644,218280397,1015342,  101298.30,  387358.43,  246188.59,   21799.35,2018-12-23,conventional,2018,Portland
       1.43, 5165309.95,81310230,4241109,6620802,   20259.66,  633345.02,  119656.33,   20350.44,2018-12-23,conventional,2018,Raleigh/Greensboro
       1.09, 2699189.75,109501772,172382639,1245735,  811424.96,  793450.38,   97985.44,     441.92,2018-12-23,conventional,2018,Richmond/Norfolk
       1.95, 3126613.85,129758305,180417273,3048852,  115581.50,  447709.78,   28712.56,    1992.38,2018-12-23,conventional,2018,Roanoke
       1.22, 3160653.41,23339610,173602698,12706275, 1030382.11, 1292417.34,   71806.76,    1058.79,2018-12-23,conventional,2018,San Diego
       1.45, 3621404.00,52380357,51503104,392981, 1616357.88, 1250193.78,   63485.58,   10664.50,2018-12-23,conventional,2018,Atlanta
       1.47,  906380.74,64968786,182560389,3207589, 1195422.88, 1121265.72,  373030.32,   14736.90,2018-12-23,conventional,2018,San Francisco
       1.29,  535565.61,84454725,15625486,4667081,  207939.93,  137672.17,  219124.98,   22001.62,2018-12-23,conventional,2018,Seattle
       0.62, 1199751.40,50884021,198285272,3168446, 1175887.01,  632163.36,  252041.99,   15824.11,2018-12-23,conventional,2018,South Carolina
       1.42, 1089145.30,63101296,62341173,159152, 2051826.81,  230392.66,  485645.84,    7390.78,2018-12-23,conventional,2018,South Central
       0.69, 1587016.66,121048243,170455248,3040651,  427061.20,  703606.49,   98470.63,    2456.40,2018-12-23,conventional,2018,Southeast
       1.89,  371019.40,60365792,114439117,2063903,  401578.33,  191825.77,  310791.14,    3264.77,2018-12-23,conventional,2018,Spokane
       1.24,  785830.95,230047979,39369006,2507201, 2103458.40,  239708.56,   22147.32,   14557.21,2018-12-23,conventional,2018,St. Louis
       0.89, 1245604.01,106740304,178889077,6275583,  567559.92, 1931276.38,  469570.32,   17688.18,2018-12-23,conventional,2018,Syracuse
       0.77, 7866079.10,80162502,32686477,2988941,  255790.49, 1122160.13,  386585.51,    2745.98,2018-12-23,conventional,2018,Tampa
       1.28, 4312837.98,88602911,108148621,386257,  791700.50,  296710.42,   54207.55,   16301.43,2018-12-23,conventional,2018,Total U.S.
       1.05, 6129743.90,163650511,97333935,10222901, 2215873.84,  605367.99,   28983.03,    4282.36,2018-12-23,conventional,2018,West
       1.14, 2123549.64,45995888,60594985,1904181,  650183.42,  966477.17,   54066.03,      39.53,2018-12-23,conventional,2018,New York
       1.55, 2747143.30,86243854,30060651,19145620, 1519038.59, 1754081.35,   63593.69,     971.76,2018-12-23,conventional,2018,New Orleans/Mobile
       1.67,  724832.51,131014587,188839038,731018, 1146978.22, 1169314.87,   81803.42,    8504.88,2018-12-23,conventional,2018,Nashville
       1.39, 1471072.96,77995430,4767340,1975698,  433847.31,  567105.82,   14156.03,   19122.41,2018-12-23,conventional,2018,Midsouth
       0.91, 2785227.11,81733737,56039348,3196632,   45875.09, 1674631.99,  268232.30,   21355.92,2018-12-23,conventional,2018,Baltimore/Washington
       1.31, 2820180.00,183347929,94813142,11181756,  483580.66,  635145.09,  355776.50,    5870.83,2018-12-23,conventional,2018,Boise
       1.73, 3101073.73,136984847,101192811,4352540,  216994.93, 1415490.93,  259958.14,    4063.17,2018-12-23,conventional,2018,Boston
       0.94,  562298.52,78415007,252741248,14461320,  156844.90, 1586304.31,  193234.23,    8856.14,2018-12-23,conventional,2018,Buffalo/Rochester
       1.43,    6723.03,77648491,79825053,13188612, 1021132.19,  330868.72,  479324.42,   23009.19,2018-12-23,conventional,2018,California
       1.66,   60159.35,73469324,82639706,2427431,  398394.11,  541296.09,   55046.62,   27058.05,2018-12-23,conventional,2018,Charlotte
       1.60,  354594.16,153453088,139549796,14888418,  198775.77,  268036.49,  376313.27,    8938.38,2018-12-23,conventional,2018,Chicago
       1.06,  938351.80,10239823,41645052,7331053,  925205.44,  482084.12,  105332.46,   12864.51,2018-12-23,conventional,2018,Cincinnati/Dayton
       0.61, 2166799.72,54409665,32571887,8037348,  533875.08,  414759.05,  281084.08,   20093.61,2018-12-23,conventional,2018,Columbus
       1.96, 1893490.12,103692886,230274326,427977, 2984736.71,  463925.75,  228576.78,   15610.65,2018-12-23,conventional,2018,Dallas/Ft. Worth
       1.05, 4120692.78,53833209,97071593,10336412, 1322023.32,  588237.20,  171959.60,   18282.07,2018-12-23,conventional,2018,Denver
       1.50,  544679.63,13612085,205939071,20140268, 1270541.26,  867743.41,   62102.47,   26887.24,2018-12-23,conventional,2018,Detroit
       1.61, 5292430.32,8695451,58681514,4114364,  264319.45,  295674.65,  312073.62,    5178.62,2018-12-23,conventional,2018,Grand Rapids
       0.73, 4171344.92,44817615,137075563,8048334,  931240.64,  420898.70,  108630.33,    8875.16,2018-12-23,conventional,2018,Great Lakes
       1.30,  908262.61,16746463,43745584,13978816,  929899.84,  667414.96,  205020.41,   10305.61,2018-12-23,conventional,2018,Harrisburg/Scranton
       1.30,  536632.21,18300463,76595475,7573206,  802429.84,  195251.57,  123648.02,   10502.17,2018-12-23,conventional,2018,Hartford/Springfield
       1.28, 2203951.85,63439750,100276198,3188365,  846925.99,  964732.03,   49028.35,    1367.37,2018-12-23,conventional,2018,Houston
       0.95, 1185666.70,5971838,90741430,16393150,  484470.25,  630793.58,  274989.26,    9126.08,2018-12-23,conventional,2018,Indianapolis
       1.93,  346496.41,50798887,73379425,1903321,   80172.57,  288008.66,  557411.36,   10994.84,2018-12-23,conventional,2018,Jacksonville
       1.48, 3136185.58,20193890,14497699,1336420,  862920.77,   94364.76,  166503.82,   11386.14,2018-12-23,conventional,2018,Las Vegas
       1.46, 2253383.89,131817114,125718194,1130749,  157349.37,  436669.36,  344797.70,     993.78,2018-12-23,conventional,2018,Los Angeles
       0.95, 1487277.47,15834871,20649601,15254607,  265423.41,   85725.58,  792769.12,   11177.55,2018-12-23,conventional,2018,Louisville
       0.94, 4945573.96,112087558,127445270,5788904,  478256.08,  108659.34,  264628.45,   16459.90,2018-12-23,conventional,2018,Miami/Ft. Lauderdale
       0.65, 7612841.41,57369038,14009640,15736539, 1331071.89,   74635.89,    3811.50,    6612.25,2018-12-23,conventional,2018,West Tex/New Mexico
       0.84, 3180383.33,27822915,30281418,953211,  663271.38,  286388.22,  312797.60,   15602.37,2018-12-30,conventional,2018,Albany
       1.02, 3665114.33,82781081,4771327,16105869,  383046.32,  830066.76,  146434.65,     422.32,2018-12-30,conventional,2018,Sacramento
       1.75, 2556489.22,24889043,25224102,1906663,  244993.97,  681235.23,  375699.80,    2751.99,2018-12-30,conventional,2018,Northeast
       1.17, 2268826.35,45173414,183089313,9794901,  276401.16,  358432.18,   33377.62,    7005.46,2018-12-30,conventional,2018,Northern New England
       1.17, 2463819.30,84458227,32996700,10010177, 2588287.08,  133876.66,   99046.93,     756.78,2018-12-30,conventional,2018,Orlando
       1.34, 3759552.17,132999373,94898561,4885961,  426846.29,  783683.53,  310366.67,    8883.71,2018-12-30,conventional,2018,Philadelphia
       1.46, 4562121.44,121388361,67698523,8296362,  138465.53,  481656.13,  232354.92,    4328.26,2018-12-30,conventional,2018,Phoenix/Tucson
       1.20, 1921559.95,99761918,235253757,8300787, 1146423.94,  150336.98,  286372.12,   19887.59,2018-12-30,conventional,2018,Pittsburgh
       1.60, 3466443.87,154009495,132923324,6415,  848767.88,  110217.47,  444218.41,    6199.89,2018-12-30,conventional,2018,Plains
       1.28,  362679.40,73732126,260560035,5559695,  507497.66,   89903.72,  368870.96,    2684.90,2018-12-30,conventional,2018,Portland
       0.74, 6750904.27,136127375,16374776,2399002,  543261.26,  204826.80,   72258.20,    8576.96,2018-12-30,conventional,2018,Raleigh/Greensboro
       2.01, 6608336.95,111184292,30287025,19588191,  682004.04,  101275.31,  396507.43,   11482.27,2018-12-30,conventional,2018,Richmond/Norfolk
       1.38,   66699.76,10688668,246744597,7322015,  788003.47, 1116355.20,  234201.87,    3689.01,2018-12-30,conventional,2018,Roanoke
       1.46, 1007408.69,112612664,34825084,21783637,   24993.94, 1030348.42,  236992.25,    7208.14,2018-12-30,conventional,2018,San Diego
       1.96, 1454646.32,75276698,31276342,4192807,  606227.41,  431190.44,  483444.35,    2019.99,2018-12-30,conventional,2018,Atlanta
       1.62, 8540875.71,127047055,51577038,10334764,  148714.24,  109097.79,  276598.27,   11207.53,2018-12-30,conventional,2018,San Francisco
       1.09, 5275322.41,9749204,110912252,6079911,  280292.41,  244272.44,  395708.43,   13171.58,2018-12-30,conventional,2018,Seattle
       1.68, 1091220.45,5131439,41532989,10148129, 1931715.98,  513786.75,  155962.59,    1902.98,2018-12-30,conventional,2018,South Carolina
       1.68, 1021640.29,72426765,44934059,7833498,  975505.05,  453347.13,  397791.06,   14267.55,2018-12-30,conventional,2018,South Central
       0.98, 1573566.27,43169512,14168660,3014968,  241189.53, 1052478.72,   39058.30,    6345.85,2018-12-30,conventional,2018,Southeast
       0.70, 2216039.95,34969775,53466720,4965817,  982343.90,    9410.19,  257913.95,   11740.01,2018-12-30,conventional,2018,Spokane
       0.89, 1887235.11,185201960,86126805,706053, 1982849.50,  233595.51,  106411.90,     489.00,2018-12-30,conventional,2018,St. Louis
       1.44, 1511905.69,176271071,21990898,6471277,  203156.08,  382803.24,  212443.31,    7191.22,2018-12-30,conventional,2018,Syracuse
       0.99, 2721333.95,78569255,131956835,13126540, 1188087.55,  545355.82,  667549.46,   14178.00,2018-12-30,conventional,2018,Tampa
       1.40, 2148507.88,37507903,110615043,10859387,  303274.30,   27067.37,  170604.23,    1075.78,2018-12-30,conventional,2018,Total U.S.
       1.67, 3347355.08,178538602,16437756,234258, 1022435.41,  314517.28,  426841.20,   14786.37,2018-12-30,conventional,2018,West
       1.28, 1238647.23,9328354,192690621,1019002, 3322172.97,   55417.96,  108679.83,   11636.54,2018-12-30,conventional,2018,New York
       1.73, 1582583.67,162100731,69943548,11375398,  177484.84,  212270.71,  124059.38,    2231.13,2018-12-30,conventional,2018,New Orleans/Mobile
       1.11, 1462438.38,248319743,61903386,9475073,  100564.48,  360800.52,  301772.28,   17116.83,2018-12-30,conventional,2018,Nashville
       1.80, 3373470.95,6115054,40853533,4917098,  678295.85,  404205.26,  268613.04,    6055.94,2018-12-30,conventional,2018,Midsouth
       1.25, 4110778.35,108556967,17298312,13538415,  681201.27,  439496.63,  230307.29,    2820.17,2018-12-30,conventional,2018,Baltimore/Washington
       1.23,  971975.74,117513141,7413138,4210280, 2685342.19, 1443623.82,  332379.03,    5746.84,2018-12-30,conventional,2018,Boise
       1.33, 1885724.79,211465005,64188540,3111366,  673762.21,  107646.48,  152398.92,   11294.30,2018-12-30,conventional,2018,Boston
       1.71, 1873803.59,96957973,69776366,3209254, 1119002.61, 1007648.44,  278691.17,    9153.41,2018-12-30,conventional,2018,Buffalo/Rochester
       1.27, 7470119.09,107891654,35433348,10138481, 1860543.60,  665304.25,  264990.83,   11890.19,2018-12-30,conventional,2018,California
       0.72,  891243.18,172431134,48405875,2145740,  776270.60, 1124334.21,  343846.53,   13378.72,2018-12-30,conventional,2018,Charlotte
       1.13, 3846015.83,132750956,5574678,3147322,  223704.52,  347898.39,  460859.43,   26656.58,2018-12-30,conventional,2018,Chicago
       1.52, 1054807.64,80197934,22645022,3403734, 1126026.69, 1423281.94,  104277.33,   17298.87,2018-12-30,conventional,2018,Cincinnati/Dayton
       1.40,  242597.58,76706204,74249044,1159224,   51975.99,   87975.67,  334527.07,   13962.17,2018-12-30,conventional,2018,Columbus
       1.17, 1883289.84,253805056,90287687,1433949, 1403474.29,  985922.50,  222442.93,    9448.64,2018-12-30,conventional,2018,Dallas/Ft. Worth
       0.89, 2734540.90,283712229,35829691,2788954,  401791.08,  199697.62,    6948.80,    1611.19,2018-12-30,conventional,2018,Denver
       1.61, 1667867.83,123600151,67377548,5005284,  396644.88,  399878.44,  280271.37,   13789.06,2018-12-30,conventional,2018,Detroit
       1.81, 2535613.30,5886238,4563525,3781255,  115476.43,  679520.38,   56114.73,    3979.27,2018-12-30,conventional,2018,Grand Rapids
       0.96, 1211557.09,80314949,92445594,274980, 1469118.01,  285248.24,    6128.97,    4653.34,2018-12-30,conventional,2018,Great Lakes
       1.20, 1838228.37,171971574,112631265,8823501,  879142.61,  489691.98,  103128.53,     488.53,2018-12-30,conventional,2018,Harrisburg/Scranton
       1.93, 4439985.70,79207638,58342214,3170950, 1667440.00,  424226.96,   13059.09,    7999.80,2018-12-30,conventional,2018,Hartford/Springfield
       1.54, 4499696.05,41162236,10394715,3151985,  652751.69,  590767.99,  300318.66,     526.27,2018-12-30,conventional,2018,Houston
       0.94,  557136.28,86572600,73310349,2296575,  289164.30,  209257.18,  315862.77,    7647.51,2018-12-30,conventional,2018,Indianapolis
       1.54,  522487.87,247198037,9836272,10860901,  930412.45,  850338.16,  111860.49,    5213.47,2018-12-30,conventional,2018,Jacksonville
       1.49, 3640119.37,160202202,31673538,833053,  188560.25, 1280602.98,    5033.57,   19381.98,2018-12-30,conventional,2018,Las Vegas
       1.76, 1243039.44,1063475,17466920,11274888,  164179.69,  823940.95,  287253.78,    4024.54,2018-12-30,conventional,2018,Los Angeles
       1.90, 1895043.82,8318343,158716528,12533303,  598550.20,  736254.24,  128191.37,    3867.06,2018-12-30,conventional,2018,Louisville
       1.58,  366198.34,103110080,156528872,20392074,  376049.36,  782654.36,   37196.36,   38933.51,2018-12-30,conventional,2018,Miami/Ft. Lauderdale
       1.33,  340378.00,250925500,40203194,23239409,  382912.04,  690445.98,   53845.89,   12607.86,2018-12-30,conventional,2018,West Tex/New Mexico